pair,task,baseline_model,baseline_alpha,baseline_rmse,baseline_mae,baseline_r2,xgb_rmse,xgb_mae,xgb_r2,rmse_gain,r2_gain,xgb_effective_n_estimators,dropped_nan_cols
EN<->ES,predict_src,lasso,0.01,1.800537879619699,1.3075019760946092,0.21282631028912458,1.245433381285435,0.896395414487126,0.6233768175569752,0.5551044983342639,0.4105505072678506,162,src_median_hf
EN<->ES,predict_tgt,ridge,10.0,1.1935016964536507,0.8011863204340406,0.24456562118311287,0.5541877230432214,0.15802474338104547,0.8371212360156146,0.6393139734104293,0.5925556148325017,7,src_median_hf
EN<->IT,predict_src,lasso,0.0177827941003892,1.6270006552387213,1.255438640645004,0.40465847681594147,0.08634783537188585,0.03953068209231378,0.9983231522662008,1.5406528198668354,0.5936646754502594,14,
EN<->IT,predict_tgt,lasso,0.01,1.8912009228114421,1.5275552103001155,0.21037902020782195,1.6174366270911424,1.169630352500001,0.4224389681170009,0.2737642957202997,0.21205994790917893,148,
EN<->PT,predict_src,lasso,0.0056234132519034,1.6204454153931032,1.297323916234521,0.43132594173471916,0.0606224459278216,0.030600203820920747,0.9992040944852989,1.5598229694652817,0.5678781527505797,212,
EN<->PT,predict_tgt,lasso,0.01,2.129178749750877,1.6865598773153472,0.12599305798166538,2.0285897699421325,1.4956566251265035,0.2066239280521146,0.10058897980874448,0.08063087007044922,99,
